title,tags,,,
人生逆転サロンの活用法,使い方,サロン,,
Slackの使い方,slack,使い方,,
プログラミングを学習するための基礎知識,基礎知識,プログラミング,,
Gitの基本,git,使い方,clone,
Gitを使ったクローン、プルリク、マージの流れについて解説,git,clone,pull,マージ
ソースコードをリモートリポジトリにプッシュするときの流れ,git,push,,
Rubyで使用する主なクラスについて,ruby,クラス,,
putsについて,ruby,puts,出力,
変数について,ruby,変数,,
Hello World アプリの解説（実践的なコントローラの作り方）,rails,アプリ,,
resourcesを使わないCRUDアプリの解説,rails,アプリ,,
resourcesを使ったCRUDアプリの解説,rails,アプリ,,
デバッグツールの使い方,rails,gem,デバッグ,
CSVデータインポートアプリの解説,rails,csv,rake,
Rakeタスクの実装,rails,rake,,
Deviseを使ったログイン機能の実装,rails,gem,devise,ログイン